Position, Company, Location, URL
Curatorial & Collections Intern,Bobby Orr Hall of Fame,Parry Sound,https://workinculture.ca/JobBoard/jobs/Curatorial-Collections-Intern-(2)
Industry Programming Intern,Toronto International Film Festival ,Toronto,https://workinculture.ca/JobBoard/jobs/Industry-Programming-Intern
LOYALTY REPRESENTATIVE (ADMIN) INTERN,Toronto International Film Festival ,Toronto,https://workinculture.ca/JobBoard/jobs/LOYALTY-REPRESENTATIVE-(ADMIN)-INTERN
MARKETING INTERN,Toronto International Film Festival ,Toronto,https://workinculture.ca/JobBoard/jobs/MARKETING-INTERN-(24)
VIDEO PRODUCTION INTERN,Toronto International Film Festival ,Toronto,https://workinculture.ca/JobBoard/jobs/VIDEO-PRODUCTION-INTERN-(1)
INTERN  VOLUNTEERS,Toronto International Film Festival ,Toronto,https://workinculture.ca/JobBoard/jobs/INTERN,-VOLUNTEERS-(1)
PEOPLE & CULTURE INTERN,Toronto International Film Festival ,Toronto,https://workinculture.ca/JobBoard/jobs/PEOPLE-CULTURE-INTERN
LOYALTY REPRESENTATIVE (STEWARDSHIP) INTERN,Toronto International Film Festival ,Toronto,https://workinculture.ca/JobBoard/jobs/LOYALTY-REPRESENTATIVE-(STEWARDSHIP)-INTERN
EXECUTIVE OFFICE FESTIVAL INTERN,Toronto International Film Festival ,Toronto,https://workinculture.ca/JobBoard/jobs/EXECUTIVE-OFFICE-FESTIVAL-INTERN-(1)
INDUSTRY SALES & SERVICES INTERN ,Toronto International Film Festival ,Toronto,https://workinculture.ca/JobBoard/jobs/INDUSTRY-SALES-SERVICES-INTERN
